Product_Name,Product_Price,Product_Reviews,Product_Description
"OnePlus 15R 5G (Mint Breeze, 256 GB)",47368,4.7,12 GB RAM | 256 GB ROM17.35 cm (6.83 inch) Display50MP Rear Camera7400 mAh Battery1 year manufacturer warranty for device and 6 months manufacturer warranty for in-box accessories including batteries from the date of purchase
"OnePlus 13R 5G (Nebula Noir, 256 GB)",39070,4.5,12 GB RAM | 256 GB ROM17.22 cm (6.78 inch) Display50MP Rear Camera6000 mAh Battery1 year manufacturer warranty for device and 1 year manufacturer warranty for in-box accessories including batteries from the date of purchase
"OnePlus 15R 5G (Charcoal Black, 256 GB)",47866,4.7,12 GB RAM | 256 GB ROM17.35 cm (6.83 inch) Display50MP Rear Camera7400 mAh Battery1 year manufacturer warranty for device and 6 months manufacturer warranty for in-box accessories including batteries from the date of purchase
"Xiaomi 14 CIVI (Matcha Green, 512 GB)",N/A,4.3,12 GB RAM | 512 GB ROM16.64 cm (6.55 inch) Display50MP Rear Camera | 32MP + 32MP Dual Front Camera4700 mAh Battery8s Gen 3 Mobile Platform Processor1 Year Manufacturer Warranty for Phone and 6 Months Warranty for In the Box Accessories
"vivo V30 Pro 5G (Classic Black, 512 GB)",43999,4.5,12 GB RAM | 512 GB ROM17.22 cm (6.78 inch) Full HD+ Display50MP + 50MP + 50MP | 50MP Front Camera5000 mAh BatteryDimensity 8200 5G Processor1 Year Manufacturer Warranty for Device and 6 Months Manufacturer Warranty for Inbox Accessories
"Apple iPhone 14 (Midnight, 128 GB)",54900,4.6,"128 GB ROM15.49 cm (6.1 inch) Super Retina XDR Display12MP + 12MP | 12MP Front CameraA15 Bionic Chip, 6 Core Processor Processor1 year warranty for phone and 1 year warranty for in Box Accessories."
"Samsung Galaxy A55 5G (Awesome Iceblue, 256 GB)",32955,4.3,12 GB RAM | 256 GB ROM | Expandable Upto 1 TB16.76 cm (6.6 inch) Full HD+ Display50MP + 12MP + 5MP | 32MP Front Camera5000 mAh BatteryExynos 1480 Processor1 Year Manufacturer Warranty for Device and 6 Months for In-Box Accessories
"Samsung Galaxy A36 5G (Awesome Lavender, 256 GB)",32949,4.4,12 GB RAM | 256 GB ROM17.02 cm (6.7 inch) Full HD+ Display50MP + 8MP | 12MP Front Camera5000 mAh BatteryQualcomm Snapdragon 6 Gen 3 Processor1 Year Manufacturer Warranty for Device and 6 Months for In-Box Accessories
"Xiaomi 14 CIVI (Matcha Green, 256 GB)",34990,4.3,8 GB RAM | 256 GB ROM16.64 cm (6.55 inch) Display50MP Rear Camera | 32MP + 32MP Dual Front Camera4700 mAh Battery8s Gen 3 Mobile Platform Processor1 Year Manufacturer Warranty for Phone and 6 Months Warranty for In the Box Accessories
"Samsung Galaxy A55 5G (Awesome Navy, 256 GB)",32987,4.3,12 GB RAM | 256 GB ROM | Expandable Upto 1 TB16.76 cm (6.6 inch) Full HD+ Display50MP + 12MP + 5MP | 32MP Front Camera5000 mAh BatterySamsung Exynos 1480 Processor1 Year Manufacturer Warranty for Device and 6 Months for In-Box Accessories
"vivo V30 Pro 5G (Andaman Blue, 512 GB)",43999,4.5,12 GB RAM | 512 GB ROM17.22 cm (6.78 inch) Full HD+ Display50MP + 50MP + 50MP | 50MP Front Camera5000 mAh BatteryDimensity 8200 5G Processor1 Year Manufacturer Warranty for Device and 6 Months Manufacturer Warranty for Inbox Accessories
"OnePlus 10T 5G (Jade Green, 256 GB)",34999,4.1,12 GB RAM | 256 GB ROM17.02 cm (6.7 inch) Display50MP Rear Camera4800 mAh Battery1 year manufacturer warranty for device and 6 months manufacturer warranty for in-box accessories including batteries from the date of purchase
"realme 16 Pro+ 5G (Master Gold, 256 GB)",41999,4.5,8 GB RAM | 256 GB ROM17.27 cm (6.8 inch) Full HD+ AMOLED Display200MP + 50MP + 8MP | 50MP Front Camera7000 mAh Battery7 Gen 4 Processor1 Year Manufacturer Warranty for Phone and 6 Months Warranty for In-Box Accessories
"Samsung Galaxy S24 5G Snapdragon (Onyx Black, 128 GB)",40999,4.6,8 GB RAM | 128 GB ROM15.75 cm (6.2 inch) Full HD+ Display50MP + 12MP | 12MP Front Camera4000 mAh Battery8 Gen 3 Processor1 Year Manufacturer Warranty for Device and 6 Months for In-Box Accessories
"Samsung Galaxy S24 5G Snapdragon (Cobalt Violet, 128 GB)",40999,4.6,8 GB RAM | 128 GB ROM15.75 cm (6.2 inch) Full HD+ Display50MP + 12MP | 12MP Front Camera4000 mAh Battery8 Gen 3 Processor1 Year Manufacturer Warranty for Device and 6 Months for In-Box Accessories
"vivo T4x 5G (Pronto Purple, 128 GB)",16499,4.4,8 GB RAM | 128 GB ROM17.07 cm (6.72 inch) Display50MP + 2MP | 8MP Front Camera6500 mAh BatteryDimensity 7300 5G Processor1 Year Warranty for Device and 6 Months Warranty for Accessories
"Xiaomi 14 CIVI (Hot Pink, 512 GB)",36999,4.3,12 GB RAM | 512 GB ROM16.64 cm (6.55 inch) Display50MP Rear Camera | 32MP + 32MP Dual Front Camera4700 mAh Battery8s Gen 3 Mobile Platform Processor1 Year Manufacturer Warranty for Phone and 6 Months Warranty for In the Box Accessories
"vivo T4 Ultra 5G (Phoenix Gold, 512 GB)",39999,4.5,12 GB RAM | 512 GB ROM16.94 cm (6.67 inch) Full HD+ AMOLED Display50MP + 8MP + 50MP Periscope | 32MP Front Camera5500 mAh BatteryDimensity 9300+ Processor1 Year Warranty on the Product and 6 Months Warranty on Inbox Accessories
"realme 16 Pro+ 5G (Master Gold, 256 GB)",44999,4.7,12 GB RAM | 256 GB ROM17.27 cm (6.8 inch) Full HD+ AMOLED Display200MP + 50MP + 8MP | 50MP Front Camera7000 mAh Battery7 Gen 4 Processor1 Year Manufacturer Warranty for Phone and 6 Months Warranty for In-Box Accessories
"Samsung Galaxy S24 5G Snapdragon (Amber Yellow, 256 GB)",45999,4.6,8 GB RAM | 256 GB ROM15.75 cm (6.2 inch) Full HD+ Display50MP + 12MP | 12MP Front Camera4000 mAh Battery8 Gen 3 Processor1 Year Manufacturer Warranty for Device and 6 Months for In-Box Accessories
"vivo T4 5G (Phantom Grey, 256 GB)",24999,4.5,8 GB RAM | 256 GB ROM17.2 cm (6.77 inch) Display50MP (OIS) + 2MP | 32MP Front Camera7300 mAh BatterySnapdragon 7s Gen 3 5G Processor1 Year Warranty on the Handset and 6 Months Warranty on Inbox Accessories
"Google Pixel 9A (Obsidian, 256 GB)",39999,4.4,8 GB RAM | 256 GB ROM15.96 cm (6.285 inch) Full HD+ Display48MP + 12MP | 12MP Front Camera5100 mAh BatteryTensor G4 Processor1 Year Domestic Warranty
"Samsung Galaxy S24 5G Snapdragon (Cobalt Violet, 256 GB)",45999,4.6,8 GB RAM | 256 GB ROM15.75 cm (6.2 inch) Full HD+ Display50MP + 12MP | 12MP Front Camera4000 mAh Battery8 Gen 3 Processor1 Year Manufacturer Warranty for Device and 6 Months for In-Box Accessories
"realme 15 Pro 5G (Flowing Silver, 512 GB)",38999,4.4,12 GB RAM | 512 GB ROM17.27 cm (6.8 inch) Display50MP + 50MP | 50MP Front Camera7000 mAh BatterySnapdragon 7 Gen 4 Processor1 Year Manufacturer Warranty for Device and 6 Months Manufacturer Warranty for Inbox Accessories
"Samsung Galaxy S24 5G Snapdragon (Amber Yellow, 256 GB)",45999,4.6,8 GB RAM | 256 GB ROM15.75 cm (6.2 inch) Full HD+ Display50MP + 12MP | 12MP Front Camera4000 mAh Battery8 Gen 3 Processor1 Year Manufacturer Warranty for Device and 6 Months for In-Box Accessories
"vivo T4 5G (Phantom Grey, 256 GB)",24999,4.5,8 GB RAM | 256 GB ROM17.2 cm (6.77 inch) Display50MP (OIS) + 2MP | 32MP Front Camera7300 mAh BatterySnapdragon 7s Gen 3 5G Processor1 Year Warranty on the Handset and 6 Months Warranty on Inbox Accessories
SBMS Flip Cover for vivo V29 5G Back Cover Case with Magnatic Closure,248,3.5,Suitable For: MobileMaterial: Artificial LeatherTheme: No ThemeType: Flip Cover7 Days Replacement
AIBEX Flip Cover for Vivo V27 / Vivo V27 Pro| Premium Leather Finish | Magnetic Closure | Kickstand Fe...,299,4.1,"Suitable For: MobileMaterial: Artificial Leather, Thermoplastic PolyurethaneTheme: No ThemeType: Flip Cover7 Days Replacement Only"
"Google Pixel 9A (Obsidian, 256 GB)",39999,4.4,8 GB RAM | 256 GB ROM15.96 cm (6.285 inch) Full HD+ Display48MP + 12MP | 12MP Front Camera5100 mAh BatteryTensor G4 Processor1 Year Domestic Warranty
"MOTOROLA Edge 60 Pro (Pantone Shadow, 256 GB)",32999,4.3,12 GB RAM | 256 GB ROM17.02 cm (6.7 inch) Display50MP + 50MP + 10MP | 50MP Front Camera6000 mAh BatteryDimensity 8350 Processor1 Year Warranty on Handset and 6 Months Warranty on Accessories
"Save Club Back Cover for Vivo X90 Pro, Vivo X90 Pro 5G",782,N/A,"Suitable For: MobileMaterial: Rubber, Plastic, PolycarbonateTheme: No ThemeType: Back CoverReplacement : Warranty of the product is limited to manufacturing defects only"
"Samsung Galaxy S24 5G Snapdragon (Cobalt Violet, 256 GB)",45999,4.6,8 GB RAM | 256 GB ROM15.75 cm (6.2 inch) Full HD+ Display50MP + 12MP | 12MP Front Camera4000 mAh Battery8 Gen 3 Processor1 Year Manufacturer Warranty for Device and 6 Months for In-Box Accessories
"realme 15 Pro 5G (Flowing Silver, 512 GB)",38999,4.4,12 GB RAM | 512 GB ROM17.27 cm (6.8 inch) Display50MP + 50MP | 50MP Front Camera7000 mAh BatterySnapdragon 7 Gen 4 Processor1 Year Manufacturer Warranty for Device and 6 Months Manufacturer Warranty for Inbox Accessories
"Samsung Galaxy S24 5G Snapdragon (Onyx Black, 256 GB)",45999,4.6,8 GB RAM | 256 GB ROM15.75 cm (6.2 inch) Full HD+ Display50MP + 12MP | 12MP Front Camera4000 mAh Battery8 Gen 3 Processor1 Year Manufacturer Warranty for Device and 6 Months for In-Box Accessories
"Samsung Galaxy S24 5G Snapdragon (Marble Gray, 256 GB)",45999,4.6,8 GB RAM | 256 GB ROM15.75 cm (6.2 inch) Full HD+ Display50MP + 12MP | 12MP Front Camera4000 mAh Battery8 Gen 3 Processor1 Year Manufacturer Warranty for Device and 6 Months for In-Box Accessories
"vivo T4x 5G (Pronto Purple, 256 GB)",18499,4.4,8 GB RAM | 256 GB ROM17.07 cm (6.72 inch) Display50MP + 2MP | 8MP Front Camera6500 mAh BatteryDimensity 7300 5G Processor1 Year Warranty for Device and 6 Months Warranty for Accessories
"Samsung Galaxy S24 FE 5G (Graphite, 128 GB)",35999,4.5,8 GB RAM | 128 GB ROM17.02 cm (6.7 inch) Full HD+ Display50MP + 12MP + 8MP | 10MP Front Camera4700 mAh BatteryExynos 2400e Processor1 Year Manufacturer Warranty for Device and 6 Months for In-Box Accessories
"realme 16 Pro+ 5G (Master Grey, 256 GB)",44999,4.7,12 GB RAM | 256 GB ROM17.27 cm (6.8 inch) Full HD+ AMOLED Display200MP + 50MP + 8MP | 50MP Front Camera7000 mAh Battery7 Gen 4 Processor1 Year Manufacturer Warranty for Phone and 6 Months Warranty for In-Box Accessories
"realme 16 Pro+ 5G (Master Grey, 256 GB)",41999,4.5,8 GB RAM | 256 GB ROM17.27 cm (6.8 inch) Full HD+ AMOLED Display200MP + 50MP + 8MP | 50MP Front Camera7000 mAh Battery7 Gen 4 Processor1 Year Manufacturer Warranty for Phone and 6 Months Warranty for In-Box Accessories
"OnePlus Nord 5 5G (Dry Ice, 256 GB)",36845,4.5,12 GB RAM | 256 GB ROM17.35 cm (6.83 inch) Display50MP Rear Camera6800 mAh Battery1 Year Warranty
"vivo T4 Ultra 5G (Meteor Grey, 256 GB)",35999,4.5,8 GB RAM | 256 GB ROM16.94 cm (6.67 inch) Full HD+ AMOLED Display50MP + 8MP + 50MP Periscope | 32MP Front Camera5500 mAh BatteryDimensity 9300+ Processor1 Year Warranty on the Product and 6 Months Warranty on Inbox Accessories
"Apple iPhone 15 (Black, 128 GB)",59900,4.6,"128 GB ROM15.49 cm (6.1 inch) Super Retina XDR Display48MP + 12MP | 12MP Front CameraA16 Bionic Chip, 6 Core Processor Processor1 year warranty for phone and 1 year warranty for in Box Accessories."
"realme 16 Pro+ 5G (Camellia Pink, 256 GB)",44999,4.7,12 GB RAM | 256 GB ROM17.27 cm (6.8 inch) Full HD+ AMOLED Display200MP + 50MP + 8MP | 50MP Front Camera7000 mAh Battery7 Gen 4 Processor1 Year Manufacturer Warranty for Phone and 6 Months Warranty for In-Box Accessories
"MOTOROLA Razr 60 (PANTONE Spring Bud, 256 GB)",49999,4.4,8 GB RAM | 256 GB ROM17.53 cm (6.9 inch) Full HD+ Display50MP + 13MP | 32MP Front Camera4500 mAh BatteryDimensity 7400X Processor1 Year Warranty on Handset and 6 Months Warranty on Accessories
"Google Pixel 9A (Porcelain, 256 GB)",39999,4.4,8 GB RAM | 256 GB ROM15.96 cm (6.285 inch) Full HD+ Display48MP + 12MP | 12MP Front Camera5100 mAh BatteryTensor G4 Processor1 Year Domestic Warranty
"OnePlus Nord 5 5G (Phantom Grey, 512 GB)",39995,4.5,12 GB RAM | 512 GB ROM17.35 cm (6.83 inch) Display50MP Rear Camera6800 mAh Battery1 Year Warranty
"Xiaomi 14 CIVI (Panda White, 512 GB)",39990,4.3,12 GB RAM | 512 GB ROM16.64 cm (6.55 inch) Display50MP Rear Camera | 32MP + 32MP Dual Front Camera4700 mAh Battery8s Gen 3 Mobile Platform Processor1 Year Manufacturer Warranty for Phone and 6 Months Warranty for In the Box Accessories
"OPPO K13 5G with 7000mAh and 80W SUPERVOOC Charger In-The-Box (Icy Purple, 128 GB)",19999,4.5,8 GB RAM | 128 GB ROM16.94 cm (6.67 inch) Display50MP + 2MP | 16MP Front Camera7000 mAh BatterySnapdragon 6 Gen 4 Processor80W SUPERVOOC Charger1 Year Warranty on the Product and 6 Months Warranty on Inbox Accessories
"OPPO Reno14 5G (Forest Green, 256 GB)",41883,4.5,8 GB RAM | 256 GB ROM16.74 cm (6.59 inch) Display50MP + 8MP + 50MP | 50MP Front Camera6000 mAh BatteryDimensity 8350 Processor1 Year Manufacturer Warranty for Device and 6 Months Manufacturer Warranty for Inbox Accessories
"OPPO K13 5G with 7000mAh and 80W SUPERVOOC Charger In-The-Box (Icy Purple, 256 GB)",21999,4.5,8 GB RAM | 256 GB ROM16.94 cm (6.67 inch) Display50MP + 2MP | 16MP Front Camera7000 mAh BatterySnapdragon 6 Gen 4 Processor80W SUPERVOOC Charger1 Year Warranty on the Product and 6 Months Warranty on Inbox Accessories
SBMS Flip Cover for vivo V29 5G Back Cover Case with Magnatic Closure,248,3.5,Suitable For: MobileMaterial: Artificial LeatherTheme: No ThemeType: Flip Cover7 Days Replacement
AIBEX Flip Cover for Vivo V27 / Vivo V27 Pro| Premium Leather Finish | Magnetic Closure | Kickstand Fe...,299,4.1,"Suitable For: MobileMaterial: Artificial Leather, Thermoplastic PolyurethaneTheme: No ThemeType: Flip Cover7 Days Replacement Only"
"vivo V50 5G (Rose Red, 512 GB)",38999,4.5,12 GB RAM | 512 GB ROM17.2 cm (6.77 inch) Display50MP + 50MP | 50MP Front Camera6000 mAh Battery7 Gen 3 Processor1 Year Manufacturer Warranty for Device and 6 Months Warranty for Inbox Accessories
"realme GT NEO 3 (150W) (Nitro Blue, 256 GB)",42999,4.2,12 GB RAM | 256 GB ROM17.02 cm (6.7 inch) Full HD+ Display50MP + 8MP + 2MP | 16MP Front Camera4500 mAh Lithium Ion BatteryMediatek Dimensity 8100 Processor1 Year Manufacturer Warranty for Phone and 6 Months Warranty for In-Box Accessories
"OnePlus Nord 5 5G (Phantom Grey, 256 GB)",35630,4.5,12 GB RAM | 256 GB ROM17.35 cm (6.83 inch) Display50MP Rear Camera6800 mAh Battery1 Year Warranty
"Samsung Galaxy A55 5G (Awesome Navy, 256 GB)",26899,4.4,8 GB RAM | 256 GB ROM | Expandable Upto 1 TB16.76 cm (6.6 inch) Full HD+ Display50MP + 12MP + 5MP | 32MP Front Camera5000 mAh BatteryExynos 1480 Processor1 Year Manufacturer Warranty for Device and 6 Months for In-Box Accessories
"Save Club Back Cover for Vivo X90 Pro, Vivo X90 Pro 5G",782,N/A,"Suitable For: MobileMaterial: Rubber, Plastic, PolycarbonateTheme: No ThemeType: Back CoverReplacement : Warranty of the product is limited to manufacturing defects only"
"OnePlus 11 5G (Marble Odyssey, 256 GB)",39990,4.5,16 GB RAM | 256 GB ROM17.02 cm (6.7 inch) Display50MP Rear Camera5000 mAh Battery1 Year Warranty For Phone and 6 Months Warranty for in-box Accessories
"OnePlus Nord 5 5G (Marble Sands, 256 GB)",36999,4.5,12 GB RAM | 256 GB ROM17.35 cm (6.83 inch) Display50MP Rear Camera6800 mAh Battery1 Year Warranty
"vivo T4 5G (Phantom Grey, 256 GB)",26999,4.5,12 GB RAM | 256 GB ROM17.2 cm (6.77 inch) Display50MP (OIS) + 2MP | 32MP Front Camera7300 mAh BatterySnapdragon 7s Gen 3 5G Processor1 Year Warranty on the Handset and 6 Months Warranty on Inbox Accessories
"OnePlus 11 5G (Eternal Green, 256 GB)",39990,4.5,16 GB RAM | 256 GB ROM17.02 cm (6.7 inch) Display50MP Rear Camera5000 mAh Batterydomestic warranty of 12 months on phone & 6 months on accessories
"Samsung Galaxy A56 5G (Awesome Graphite, 256 GB)",40249,4.4,12 GB RAM | 256 GB ROM17.02 cm (6.7 inch) Full HD+ Display50MP + 12MP + 5MP | 12MP Front Camera5000 mAh BatteryExynos 1580 Processor1 Year Manufacturer Warranty for Device and 6 Months for In-Box Accessories
"OPPO Reno13 5G (Luminous Blue, 256 GB)",34845,4.4,8 GB RAM | 256 GB ROM16.74 cm (6.59 inch) Display50MP + 8MP + 2MP | 50MP Front Camera5600 mAh BatteryDimensity 8350 Processor1 Year Warranty on Handset and 6 Months Warranty on Accessories
"Apple iPhone 15 (Pink, 128 GB)",59900,4.6,"128 GB ROM15.49 cm (6.1 inch) Super Retina XDR Display48MP + 12MP | 12MP Front CameraA16 Bionic Chip, 6 Core Processor Processor1 year warranty for phone and 1 year warranty for in Box Accessories."
"vivo V40 Pro 5G (Titanium Grey, 256 GB)",44999,4.5,8 GB RAM | 256 GB ROM17.22 cm (6.78 inch) Full HD+ Display50MP + 50MP + 50MP | 50MP Front Camera5500 mAh BatteryDimensity 9200+ Processor1 Year Warranty on Handset and 6 Months Warranty on Accessories
"Samsung Galaxy A55 5G (Awesome Iceblue, 256 GB)",29590,4.4,8 GB RAM | 256 GB ROM | Expandable Upto 1 TB16.76 cm (6.6 inch) Full HD+ Display50MP + 12MP + 5MP | 32MP Front Camera5000 mAh BatterySamsung Exynos 1480 Processor1 Year Manufacturer Warranty for Device and 6 Months for In-Box Accessories
"OnePlus 13R 5g (Astral Trail, 256 GB)",39134,4.5,12 GB RAM | 256 GB ROM17.22 cm (6.78 inch) Display50MP Rear Camera6000 mAh Battery1 year manufacturer warranty for device and 1 year manufacturer warranty for in-box accessories including batteries from the date of purchase
"realme Gt 7 (Icesense Black, 512 GB)",40999,4.3,"12 GB RAM | 512 GB ROM17.22 cm (6.78 inch) Full HD+ AMOLED Display50MP + 50MP + 50MP + 8MP | 32MP + 32MP Dual Front Camera7000 mAh BatteryDimensity ProcessorPhone, Power Adapter, SIM Tray Ejector, Phone Case, USB Cable"
"Google Pixel 6a (Chalk, 128 GB)",43999,4.3,6 GB RAM | 128 GB ROM15.6 cm (6.14 inch) Full HD+ Display12.2MP + 12MP | 8MP Front Camera4410 mAh BatteryGoogle Tensor Processor1 Year Brand Warranty
"13 pro (Ceramic Black, 256 GB)",59990,4.1,12 GB RAM | 256 GB ROM17.09 cm (6.73 inch) Display50MP Rear Camera4820 mAh BatteryDomestic warranty of 12 months on phone & 6 months on accessories
"vivo T4 Ultra 5G (Phoenix Gold, 256 GB)",35999,4.5,8 GB RAM | 256 GB ROM16.94 cm (6.67 inch) Full HD+ AMOLED Display50MP + 8MP + 50MP Periscope | 32MP Front Camera5500 mAh BatteryDimensity 9300+ Processor1 Year Warranty on the Product and 6 Months Warranty on Inbox Accessories
"IQOO Neo 10 (Inferno Red, 512 GB)",45785,4.7,16 GB RAM | 512 GB ROM17.22 cm (6.78 inch) Full HD+ E3 Super AMOLED Display50MP + 50MP + 8MP | 32MP + 32MP Dual Front Camera7000 mAh BatteryQualcomm ProcessorDomestic warranty 1 year for handset and 6 months accessories
"vivo T4 Ultra 5G (Phoenix Gold, 256 GB)",37999,4.5,12 GB RAM | 256 GB ROM16.94 cm (6.67 inch) Full HD+ AMOLED Display50MP + 8MP + 50MP Periscope | 32MP Front Camera5500 mAh BatteryDimensity 9300+ Processor1 Year Warranty on the Product and 6 Months Warranty on Inbox Accessories
"vivo V40 5G (Ganges Blue, 128 GB)",31999,4.5,8 GB RAM | 128 GB ROM17.22 cm (6.78 inch) Full HD+ Display50MP + 50MP | 50MP Front Camera5500 mAh BatterySnapdragon 7 Gen 3 Processor1 Year Warranty on Handset and 6 Months Warranty on Accessories
"IQOO Neo 10 (Inferno Red, 256 GB)",40795,4.5,12 GB RAM | 256 GB ROM17.22 cm (6.78 inch) Full HD+ E3 Super AMOLED Display50MP + 50MP + 8MP | 32MP + 32MP Dual Front Camera7000 mAh BatteryQualcomm ProcessorDomestic warranty 1 year for handset and 6  months for accessories
"OPPO Reno14 5G (Pearl White, 256 GB)",44999,4.5,12 GB RAM | 256 GB ROM16.74 cm (6.59 inch) Display50MP + 8MP + 50MP | 50MP Front Camera6000 mAh BatteryDimensity 8350 Processor1 Year Manufacturer Warranty for Device and 6 Months Manufacturer Warranty for Inbox Accessories
SBMS Flip Cover for vivo V29 5G Back Cover Case with Magnatic Closure,248,3.5,Suitable For: MobileMaterial: Artificial LeatherTheme: No ThemeType: Flip Cover7 Days Replacement
AIBEX Flip Cover for Vivo V27 / Vivo V27 Pro| Premium Leather Finish | Magnetic Closure | Kickstand Fe...,299,4.1,"Suitable For: MobileMaterial: Artificial Leather, Thermoplastic PolyurethaneTheme: No ThemeType: Flip Cover7 Days Replacement Only"
"Google Pixel 6a (Chalk, 128 GB)",27999,4.3,6 GB RAM | 128 GB ROM15.6 cm (6.14 inch) Full HD+ Display12.2MP + 12MP | 8MP Front Camera4410 mAh BatteryGoogle Tensor Processor1 Year Brand Warranty
"Google Pixel 8a (Bay, 128 GB)",49999,4.3,8 GB RAM | 128 GB ROM15.49 cm (6.1 inch) Full HD+ Display64MP + 13MP | 13MP Front Camera4404 mAh BatteryTensor G3 Processor1 Year Domestic Warranty
"Save Club Back Cover for Vivo X90 Pro, Vivo X90 Pro 5G",782,N/A,"Suitable For: MobileMaterial: Rubber, Plastic, PolycarbonateTheme: No ThemeType: Back CoverReplacement : Warranty of the product is limited to manufacturing defects only"
"vivo V50 5G (Starry Night, 512 GB)",37998,4.5,12 GB RAM | 512 GB ROM17.2 cm (6.77 inch) Display50MP + 50MP | 50MP Front Camera6000 mAh Battery7 Gen 3 Processor1 Year Manufacturer Warranty for Device and 6 Months Warranty for Inbox Accessories
"vivo V50 5G (Starry Night, 256 GB)",32889,4.5,8 GB RAM | 256 GB ROM17.2 cm (6.77 inch) Display50MP + 50MP | 50MP Front Camera6000 mAh Battery7 Gen 3 Processor1 Year Manufacturer Warranty for Device and 6 Months Warranty for Inbox Accessories
"Google Pixel 8a (Porcelain, 128 GB)",49999,4.3,8 GB RAM | 128 GB ROM15.49 cm (6.1 inch) Full HD+ Display64MP + 13MP | 13MP Front Camera4404 mAh BatteryTensor G3 Processor1 Year Domestic Warranty
"OnePlus 12 (Glacial White, 256 GB)",44999,4.6,12 GB RAM | 256 GB ROM17.32 cm (6.82 inch) Full HD+ AMOLED Display50MP Rear Camera5400 mAh BatteryQualcomm SM8650-AB Snapdragon 8 Gen 3 (4 nm) Processor1 Year manufacturer warranty for device and 1 year manufacturer warranty for in-box accessories including batteries from the date of purchase
"OPPO Reno13 5G (Ivory White, 256 GB)",43999,4.4,8 GB RAM | 256 GB ROM16.74 cm (6.59 inch) Display50MP + 8MP + 2MP | 50MP Front Camera5600 mAh BatteryDimensity 8350 Processor1 Year Warranty on Handset and 6 Months Warranty on Accessories
"OnePlus 10 Pro 5G (Emerald Forest, 256 GB)",44449,3.9,12 GB RAM | 256 GB ROM17.02 cm (6.7 inch) Display48MP Rear Camera5000 mAh Battery12 months
"Samsung Galaxy A56 5G (Awesome Olive, 256 GB)",40249,4.4,12 GB RAM | 256 GB ROM17.02 cm (6.7 inch) Full HD+ Display50MP + 12MP + 5MP | 12MP Front Camera5000 mAh BatterySamsung Exynos 1580 Processor1 Year Manufacturer Warranty for Device and 6 Months for In-Box Accessories
"Xiaomi 11T Pro 5G Hyperphone (Moonlight White, 256 GB)",43999,4,8 GB RAM | 256 GB ROM16.94 cm (6.67 inch) Display108MP Rear Camera5000 mAh Battery12 months
"vivo V30 Pro 5G (Andaman Blue, 256 GB)",38999,4.5,8 GB RAM | 256 GB ROM17.22 cm (6.78 inch) Full HD+ Display50MP + 50MP + 50MP | 50MP Front Camera5000 mAh BatteryDimensity 8200 5G Processor1 Year Manufacturer Warranty for Device and 6 Months Manufacturer Warranty for Inbox Accessories
"Motorola Edge 50 Ultra 5G (Nordic Wood, 512 GB)",49999,4.3,12 GB RAM | 512 GB ROM17.02 cm (6.7 inch) Display50MP + 50MP + 64MP | 50MP Front Camera4500 mAh Battery8s Gen 3 Mobile Platform Processor1 Year on Handset and 6 Months on Accessories
"OPPO Reno13 5G (Blue, 128 GB)",31999,4.4,8 GB RAM | 128 GB ROM16.74 cm (6.59 inch) Display50MP + 8MP + 2MP | 50MP Front Camera5600 mAh BatteryDimensity 8350 Processor1 Year Warranty on Handset and 6 Months Warranty on Accessories
"REDMI Note 13 Pro+ 5G (Fusion White, 256 GB)",32990,4.3,12 GB RAM | 256 GB ROM16.94 cm (6.67 inch) Display200MP (OIS) + 8MP + 2MP | 16MP Front Camera5000 mAh BatteryDimensity 7200 Ultra 5G Processor1 Year Manufacturer Warranty for Phone and 6 Months Warranty for In the Box Accessories
"OPPO Reno13 5G (Ivory White, 128 GB)",41999,4.4,8 GB RAM | 128 GB ROM16.74 cm (6.59 inch) Display50MP + 8MP + 2MP | 50MP Front Camera5600 mAh BatteryDimensity 8350 Processor1 Year Warranty on Handset and 6 Months Warranty on Accessories
"REDMI Note-14 Pro+ 5G (Titan Black, 512 GB)",34990,4.4,12 GB RAM | 512 GB ROM16.94 cm (6.67 inch) Display50MP + 50MP + 8MP | 20MP Front Camera6200 mAh Battery7s Gen 3 Processor1 Year Manufacturer Warranty for Phone and 6 Months Warranty for In the Box Accessories
"vivo V50 5G (Titanium Grey, 256 GB)",34999,4.5,8 GB RAM | 256 GB ROM17.2 cm (6.77 inch) Display50MP + 50MP | 50MP Front Camera6000 mAh Battery7 Gen 3 Processor1 Year Manufacturer Warranty for Device and 6 Months Warranty for Inbox Accessories
SBMS Flip Cover for vivo V29 5G Back Cover Case with Magnatic Closure,248,3.5,Suitable For: MobileMaterial: Artificial LeatherTheme: No ThemeType: Flip Cover7 Days Replacement
AIBEX Flip Cover for Vivo V27 / Vivo V27 Pro| Premium Leather Finish | Magnetic Closure | Kickstand Fe...,299,4.1,"Suitable For: MobileMaterial: Artificial Leather, Thermoplastic PolyurethaneTheme: No ThemeType: Flip Cover7 Days Replacement Only"
"Google Pixel 9A (Iris, 256 GB)",39999,4.4,8 GB RAM | 256 GB ROM15.96 cm (6.285 inch) Full HD+ Display48MP + 12MP | 12MP Front Camera5100 mAh BatteryTensor G4 Processor1 Year Domestic Warranty
"vivo T4 Ultra 5G (Phoenix Gold, 256 GB)",37999,4.5,12 GB RAM | 256 GB ROM16.94 cm (6.67 inch) Full HD+ AMOLED Display50MP + 8MP + 50MP Periscope | 32MP Front Camera5500 mAh BatteryDimensity 9300+ Processor1 Year Warranty on the Product and 6 Months Warranty on Inbox Accessories
"Save Club Back Cover for Vivo X90 Pro, Vivo X90 Pro 5G",782,N/A,"Suitable For: MobileMaterial: Rubber, Plastic, PolycarbonateTheme: No ThemeType: Back CoverReplacement : Warranty of the product is limited to manufacturing defects only"
"vivo X300 (Elite Black, 512 GB)",81999,4.7,12 GB RAM | 512 GB ROM40.74 cm (16.04 cm) Display200MP + 50MP + 50MP | 50MP Front Camera6040 mAh BatteryDimensity 9500 Processor1 Year Warranty on Handset and 6 Months Warranty on Accessories
"Apple iPhone 14 (Blue, 128 GB)",54900,4.6,"128 GB ROM15.49 cm (6.1 inch) Super Retina XDR Display12MP + 12MP | 12MP Front CameraA15 Bionic Chip, 6 Core Processor Processor1 year warranty for phone and 1 year warranty for in Box Accessories."
"vivo V40 5G (Ganges Blue, 128 GB)",31999,4.5,8 GB RAM | 128 GB ROM17.22 cm (6.78 inch) Full HD+ Display50MP + 50MP | 50MP Front Camera5500 mAh BatterySnapdragon 7 Gen 3 Processor1 Year Warranty on Handset and 6 Months Warranty on Accessories
"IQOO Neo 10 (Inferno Red, 256 GB)",40795,4.5,12 GB RAM | 256 GB ROM17.22 cm (6.78 inch) Full HD+ E3 Super AMOLED Display50MP + 50MP + 8MP | 32MP + 32MP Dual Front Camera7000 mAh BatteryQualcomm ProcessorDomestic warranty 1 year for handset and 6  months for accessories
"realme P4 Pro 5G (Birch Wood, 256 GB)",28999,4.4,12 GB RAM | 256 GB ROM17.27 cm (6.8 inch) Display50MP + 8MP | 50MP Front Camera7000 mAh BatterySnapdragon 7 Gen 4 Mobile Processor1 Year Manufacturer Warranty for Device and 6 Months Manufacturer Warranty for Inbox Accessories
"OPPO Reno14 5G (Pearl White, 256 GB)",44999,4.5,12 GB RAM | 256 GB ROM16.74 cm (6.59 inch) Display50MP + 8MP + 50MP | 50MP Front Camera6000 mAh BatteryDimensity 8350 Processor1 Year Manufacturer Warranty for Device and 6 Months Manufacturer Warranty for Inbox Accessories
"OnePlus Nord CE5 5G (Black Infinity, 256 GB)",30990,4.5,12 GB RAM | 256 GB ROM17.2 cm (6.77 inch) Display50MP Rear Camera7100 mAh Battery1 Year Warranty
"Google Pixel 6a (Chalk, 128 GB)",27999,4.3,6 GB RAM | 128 GB ROM15.6 cm (6.14 inch) Full HD+ Display12.2MP + 12MP | 8MP Front Camera4410 mAh BatteryGoogle Tensor Processor1 Year Brand Warranty
"Google Pixel 8a (Bay, 128 GB)",49999,4.3,8 GB RAM | 128 GB ROM15.49 cm (6.1 inch) Full HD+ Display64MP + 13MP | 13MP Front Camera4404 mAh BatteryTensor G3 Processor1 Year Domestic Warranty
"Samsung Galaxy S25 5G (Navy, 256 GB)",74999,4.6,12 GB RAM | 256 GB ROM15.75 cm (6.2 inch) Full HD+ Display50MP + 10MP + 12MP | 12MP Front Camera4000 mAh Battery8 Elite for Galaxy Processor1 Year Manufacturer Warranty for Device and 6 Months for In-Box Accessories
"vivo V50 5G (Starry Night, 512 GB)",37998,4.5,12 GB RAM | 512 GB ROM17.2 cm (6.77 inch) Display50MP + 50MP | 50MP Front Camera6000 mAh Battery7 Gen 3 Processor1 Year Manufacturer Warranty for Device and 6 Months Warranty for Inbox Accessories
"vivo V50 5G (Starry Night, 256 GB)",32889,4.5,8 GB RAM | 256 GB ROM17.2 cm (6.77 inch) Display50MP + 50MP | 50MP Front Camera6000 mAh Battery7 Gen 3 Processor1 Year Manufacturer Warranty for Device and 6 Months Warranty for Inbox Accessories
"Google Pixel 8a (Porcelain, 128 GB)",49999,4.3,8 GB RAM | 128 GB ROM15.49 cm (6.1 inch) Full HD+ Display64MP + 13MP | 13MP Front Camera4404 mAh BatteryTensor G3 Processor1 Year Domestic Warranty
"vivo T4R 5G (Arctic White, 256 GB)",24999,4.4,12 GB RAM | 256 GB ROM17.2 cm (6.77 inch) Display50MP (OIS) + 2MP | 32MP Front Camera5700 mAh BatteryDimensity 7400 5G Processor1 Year Manufacturer Warranty for Device and 6 Months Manufacturer Warranty for Inbox Accessories
"OnePlus 12 (Glacial White, 256 GB)",44999,4.6,12 GB RAM | 256 GB ROM17.32 cm (6.82 inch) Full HD+ AMOLED Display50MP Rear Camera5400 mAh BatteryQualcomm SM8650-AB Snapdragon 8 Gen 3 (4 nm) Processor1 Year manufacturer warranty for device and 1 year manufacturer warranty for in-box accessories including batteries from the date of purchase
"vivo V50 5G (Titanium Grey, 128 GB)",31990,4.5,8 GB RAM | 128 GB ROM17.2 cm (6.77 inch) Display50MP + 50MP | 50MP Front Camera6000 mAh Battery7 Gen 3 Processor1 Year Manufacturer Warranty for Device and 6 Months Warranty for Inbox Accessories
"OPPO Reno13 5G (Ivory White, 256 GB)",43999,4.4,8 GB RAM | 256 GB ROM16.74 cm (6.59 inch) Display50MP + 8MP + 2MP | 50MP Front Camera5600 mAh BatteryDimensity 8350 Processor1 Year Warranty on Handset and 6 Months Warranty on Accessories
"Xiaomi 14 CIVI (Cruise Blue, 512 GB)",35999,4.3,12 GB RAM | 512 GB ROM16.64 cm (6.55 inch) Display50MP Rear Camera | 32MP + 32MP Dual Front Camera4700 mAh Battery8s Gen 3 Mobile Platform Processor1 Year Manufacturer Warranty for Phone and 6 Months Warranty for In the Box Accessories
"Apple iPhone 12 (Blue, 64 GB)",49900,4.6,"64 GB ROM15.49 cm (6.1 inch) Super Retina XDR Display12MP + 12MP | 12MP Front CameraA14 Bionic Chip with Next Generation Neural Engine ProcessorCeramic ShieldIndustry-leading IP68 Water ResistanceAll Screen OLED Display12MP TrueDepth Front Camera with Night Mode, 4K Dolby Vision HDR Recording1 year warranty for phone and 1 year warranty for in Box Accessories."
SBMS Flip Cover for vivo V29 5G Back Cover Case with Magnatic Closure,248,3.5,Suitable For: MobileMaterial: Artificial LeatherTheme: No ThemeType: Flip Cover7 Days Replacement
AIBEX Flip Cover for Vivo V27 / Vivo V27 Pro| Premium Leather Finish | Magnetic Closure | Kickstand Fe...,299,4.1,"Suitable For: MobileMaterial: Artificial Leather, Thermoplastic PolyurethaneTheme: No ThemeType: Flip Cover7 Days Replacement Only"
"vivo T4 Ultra 5G (Meteor Grey, 256 GB)",35999,4.5,8 GB RAM | 256 GB ROM16.94 cm (6.67 inch) Full HD+ AMOLED Display50MP + 8MP + 50MP Periscope | 32MP Front Camera5500 mAh BatteryDimensity 9300+ Processor1 Year Warranty on the Product and 6 Months Warranty on Inbox Accessories
"Samsung Galaxy A55 5G (Awesome Iceblue, 256 GB)",29590,4.4,8 GB RAM | 256 GB ROM | Expandable Upto 1 TB16.76 cm (6.6 inch) Full HD+ Display50MP + 12MP + 5MP | 32MP Front Camera5000 mAh BatterySamsung Exynos 1480 Processor1 Year Manufacturer Warranty for Device and 6 Months for In-Box Accessories
"Xiaomi 14 CIVI (Hot Pink, 512 GB)",36999,4.3,12 GB RAM | 512 GB ROM16.64 cm (6.55 inch) Display50MP Rear Camera | 32MP + 32MP Dual Front Camera4700 mAh Battery8s Gen 3 Mobile Platform Processor1 Year Manufacturer Warranty for Phone and 6 Months Warranty for In the Box Accessories
"OnePlus Nord 5 5G (Marble Sands, 256 GB)",36999,4.5,12 GB RAM | 256 GB ROM17.35 cm (6.83 inch) Display50MP Rear Camera6800 mAh Battery1 Year Warranty
"Save Club Back Cover for Vivo X90 Pro, Vivo X90 Pro 5G",782,N/A,"Suitable For: MobileMaterial: Rubber, Plastic, PolycarbonateTheme: No ThemeType: Back CoverReplacement : Warranty of the product is limited to manufacturing defects only"
"Samsung Galaxy A55 5G (Awesome Iceblue, 256 GB)",32955,4.3,12 GB RAM | 256 GB ROM | Expandable Upto 1 TB16.76 cm (6.6 inch) Full HD+ Display50MP + 12MP + 5MP | 32MP Front Camera5000 mAh BatteryExynos 1480 Processor1 Year Manufacturer Warranty for Device and 6 Months for In-Box Accessories
"realme 16 Pro+ 5G (Master Gold, 128 GB)",39999,4.5,8 GB RAM | 128 GB ROM17.27 cm (6.8 inch) Full HD+ AMOLED Display200MP + 50MP + 8MP | 50MP Front Camera7000 mAh Battery7 Gen 4 Processor1 Year Manufacturer Warranty for Phone and 6 Months Warranty for In-Box Accessories
"realme Gt 7 (Icesense Blue, 256 GB)",34999,4.5,8 GB RAM | 256 GB ROM17.02 cm (6.7 inch) Full HD+ AMOLED Display50MP + 50MP + 8MP + 50MP | 32MP + 32MP Dual Front Camera7000 mAh BatteryDimensity Processor1 Year manufacturer Warranty for handset & 6 months for accessories
"vivo V60 5G (Auspicious Gold, 256 GB)",38999,4.5,8 GB RAM | 256 GB ROM17.2 cm (6.77 inch) Display50MP + 8MP + 50MP | 50MP Front Camera6500 mAh Battery7 Gen 4 Processor1 Year Manufacturer Warranty for Device and 6 Months Manufacturer Warranty for Inbox Accessories
"vivo V60 5G (Moonlit Blue, 256 GB)",38999,4.5,8 GB RAM | 256 GB ROM17.2 cm (6.77 inch) Display50MP + 8MP + 50MP | 50MP Front Camera6500 mAh Battery7 Gen 4 Processor1 Year Manufacturer Warranty for Device and 6 Months Manufacturer Warranty for Inbox Accessories
"OnePlus 11 5G (Eternal Green, 256 GB)",39990,4.5,16 GB RAM | 256 GB ROM17.02 cm (6.7 inch) Display50MP Rear Camera5000 mAh Batterydomestic warranty of 12 months on phone & 6 months on accessories
"vivo V60 5G (Mist Gray, 256 GB)",38999,4.5,8 GB RAM | 256 GB ROM17.2 cm (6.77 inch) Display50MP + 8MP + 50MP | 50MP Front Camera6500 mAh Battery7 Gen 4 Processor1 Year Manufacturer Warranty for Device and 6 Months Manufacturer Warranty for Inbox Accessories
"realme GT 7T (IceSense Blue, 256 GB)",37999,4.5,12 GB RAM | 256 GB ROM17.27 cm (6.8 inch) Full HD+ AMOLED Display50MP + 8MP | 32MP Front Camera7000 mAh Li-ion BatteryDimensity 8400-MAX Processorstandard 1-year warranty for the device  and a 6-month warranty for accessories
"realme GT 7T (IceSense Black, 256 GB)",37999,4.5,12 GB RAM | 256 GB ROM17.27 cm (6.8 inch) Full HD+ AMOLED Display50MP + 8MP | 32MP Front Camera7000 mAh Li-ion BatteryDimensity 8400-MAX Processorstandard 1-year warranty for the device  and a 6-month warranty for accessories
"realme GT 7T (Racing Yellow, 256 GB)",37999,4.5,12 GB RAM | 256 GB ROM17.27 cm (6.8 inch) Full HD+ AMOLED Display50MP + 8MP | 32MP Front Camera7000 mAh Li-ion BatteryDimensity 8400-MAX Processorstandard 1-year warranty for the device  and a 6-month warranty for accessories
"Xiaomi 14 CIVI (Panda White, 512 GB)",39990,4.3,12 GB RAM | 512 GB ROM16.64 cm (6.55 inch) Display50MP Rear Camera | 32MP + 32MP Dual Front Camera4700 mAh Battery8s Gen 3 Mobile Platform Processor1 Year Manufacturer Warranty for Phone and 6 Months Warranty for In the Box Accessories
"Samsung Galaxy A56 5G (Awesome Olive, 128 GB)",35149,4.4,8 GB RAM | 128 GB ROM17.02 cm (6.7 inch) Full HD+ Display50MP + 12MP + 5MP | 12MP Front Camera5000 mAh BatterySamsng Exynos 1580 Processor1 Year Manufacturer Warranty for Device and 6 Months for In-Box Accessories
"vivo V50 5G (Titanium Grey, 256 GB)",34999,4.5,8 GB RAM | 256 GB ROM17.2 cm (6.77 inch) Display50MP + 50MP | 50MP Front Camera6000 mAh Battery7 Gen 3 Processor1 Year Manufacturer Warranty for Device and 6 Months Warranty for Inbox Accessories
"vivo V50 5G (Starry Night, 512 GB)",38999,4.5,12 GB RAM | 512 GB ROM17.2 cm (6.77 inch) Display50MP + 50MP | 50MP Front Camera6000 mAh Battery7 Gen 3 Processor1 Year Manufacturer Warranty for Device and 6 Months Warranty for Inbox Accessories
"vivo V50 5G (Rose Red, 512 GB)",38999,4.5,12 GB RAM | 512 GB ROM17.2 cm (6.77 inch) Display50MP + 50MP | 50MP Front Camera6000 mAh Battery7 Gen 3 Processor1 Year Manufacturer Warranty for Device and 6 Months Warranty for Inbox Accessories
"vivo V50 5G (Starry Night, 256 GB)",32889,4.5,8 GB RAM | 256 GB ROM17.2 cm (6.77 inch) Display50MP + 50MP | 50MP Front Camera6000 mAh Battery7 Gen 3 Processor1 Year Manufacturer Warranty for Device and 6 Months Warranty for Inbox Accessories
"IQOO Neo 10 (Titanium Chrome, 256 GB)",38895,4.6,8 GB RAM | 256 GB ROM17.22 cm (6.78 inch) Full HD+ E3 Super AMOLED Display50MP + 50MP + 8MP | 32MP + 32MP Dual Front Camera7000 mAh BatteryQualcomm ProcessorDomestic warranty 1 year for handset and 6months for accessories
"vivo V50 5G (Starry Night, 512 GB)",37998,4.5,12 GB RAM | 512 GB ROM17.2 cm (6.77 inch) Display50MP + 50MP | 50MP Front Camera6000 mAh Battery7 Gen 3 Processor1 Year Manufacturer Warranty for Device and 6 Months Warranty for Inbox Accessories
"IQOO Neo 10 (Inferno Red, 256 GB)",38295,4.6,8 GB RAM | 256 GB ROM17.22 cm (6.78 inch) Full HD+ E3 Super AMOLED Display50MP + 50MP + 8MP | 32MP + 32MP Dual Front Camera7000 mAh BatteryQualcomm ProcessorDomestic warranty 1 year for handset and 6 months for accessories
SBMS Flip Cover for vivo V29 5G Back Cover Case with Magnatic Closure,248,3.5,Suitable For: MobileMaterial: Artificial LeatherTheme: No ThemeType: Flip Cover7 Days Replacement
AIBEX Flip Cover for Vivo V27 / Vivo V27 Pro| Premium Leather Finish | Magnetic Closure | Kickstand Fe...,299,4.1,"Suitable For: MobileMaterial: Artificial Leather, Thermoplastic PolyurethaneTheme: No ThemeType: Flip Cover7 Days Replacement Only"
"OnePlus 10T 5G (Moonstone Black, 256 GB)",35553,4.1,12 GB RAM | 256 GB ROM17.02 cm (6.7 inch) Display50MP Rear Camera4800 mAh Battery1 year on phone & 6 months on accessories
"OnePlus 10T 5G (Moonstone Black, 256 GB)",37899,4,16 GB RAM | 256 GB ROM17.02 cm (6.7 inch) Display50MP Rear Camera4800 mAh Battery12 Months
"Save Club Back Cover for Vivo X90 Pro, Vivo X90 Pro 5G",782,N/A,"Suitable For: MobileMaterial: Rubber, Plastic, PolycarbonateTheme: No ThemeType: Back CoverReplacement : Warranty of the product is limited to manufacturing defects only"
"IQOO Neo 10 (Titanium Chrome, 256 GB)",38849,4.6,8 GB RAM | 256 GB ROM17.22 cm (6.78 inch) Full HD+ E3 Super AMOLED Display50MP + 50MP + 8MP | 32MP + 32MP Dual Front Camera7000 mAh BatteryQualcomm ProcessorDomestic warranty 1 year for handset and 6months for accessories
"realme 15 Pro 5G (Flowing Silver, 512 GB)",38999,4.4,12 GB RAM | 512 GB ROM17.27 cm (6.8 inch) Display50MP + 50MP | 50MP Front Camera7000 mAh BatterySnapdragon 7 Gen 4 Processor1 Year Manufacturer Warranty for Device and 6 Months Manufacturer Warranty for Inbox Accessories
"realme 15 Pro 5G (Flowing Silver, 256 GB)",35999,4.4,12 GB RAM | 256 GB ROM17.27 cm (6.8 inch) Display50MP + 50MP | 50MP Front Camera7000 mAh BatterySnapdragon 7 Gen 4 Processor1 Year Manufacturer Warranty for Device and 6 Months Manufacturer Warranty for Inbox Accessories
"realme 15 Pro 5G (Silk Purple, 256 GB)",35999,4.4,12 GB RAM | 256 GB ROM17.27 cm (6.8 inch) Display50MP + 50MP | 50MP Front Camera7000 mAh BatterySnapdragon 7 Gen 4 Processor1 Year Manufacturer Warranty for Device and 6 Months Manufacturer Warranty for Inbox Accessories
"OPPO K13 Turbo Pro 5G (Silver Knight, 256 GB)",36999,4.4,12 GB RAM | 256 GB ROM17.27 cm (6.8 inch) Full HD+ Display50MP + 2MP | 16MP Front Camera7000 mAh Battery8s Gen 4 Mobile Platform Processor1 Year Manufacturer Warranty for Device and 6 Months Manufacturer Warranty for Inbox Accessories
"Samsung Galaxy A36 5G (Awesome Black, 256 GB)",30399,4.3,8 GB RAM | 256 GB ROM17.02 cm (6.7 inch) Full HD+ Display50MP + 8MP | 12MP Front Camera5000 mAh BatteryQualcomm Snapdragon 6 Gen 3 Processor1 Year Manufacturer Warranty for Device and 6 Months for In-Box Accessories
"vivo V40 5G (Ganges Blue, 128 GB)",31999,4.5,8 GB RAM | 128 GB ROM17.22 cm (6.78 inch) Full HD+ Display50MP + 50MP | 50MP Front Camera5500 mAh BatterySnapdragon 7 Gen 3 Processor1 Year Warranty on Handset and 6 Months Warranty on Accessories
"Samsung Galaxy A55 5G (Awesome Navy, 256 GB)",32987,4.3,12 GB RAM | 256 GB ROM | Expandable Upto 1 TB16.76 cm (6.6 inch) Full HD+ Display50MP + 12MP + 5MP | 32MP Front Camera5000 mAh BatterySamsung Exynos 1480 Processor1 Year Manufacturer Warranty for Device and 6 Months for In-Box Accessories
"OPPO Reno13 Pro 5G (Graphite Grey, 256 GB)",38999,4.5,12 GB RAM | 256 GB ROM17.35 cm (6.83 inch) Display50MP + 50MP + 8MP | 50MP Front Camera5800 mAh BatteryDimensity 8350 Processor1 Year Warranty on Handset and 6 Months Warranty on Accessories
"OPPO Reno11 Pro 5G (Rock Grey, 256 GB)",34960,4.4,12 GB RAM | 256 GB ROM17.02 cm (6.7 inch) Full HD+ Display50MP + 8MP + 32MP | 32MP Front Camera4600 mAh BatteryMediatek Dimensity 8200 Processor1 Year Manufacturer Warranty for Device and 6 Months Manufacturer Warranty for Inbox Accessories
"vivo V30 Pro 5G (Andaman Blue, 256 GB)",38999,4.5,8 GB RAM | 256 GB ROM17.22 cm (6.78 inch) Full HD+ Display50MP + 50MP + 50MP | 50MP Front Camera5000 mAh BatteryDimensity 8200 5G Processor1 Year Manufacturer Warranty for Device and 6 Months Manufacturer Warranty for Inbox Accessories
"Samsung Galaxy A56 5G (Awesome Light Gray, 256 GB)",37699,4.4,8 GB RAM | 256 GB ROM17.02 cm (6.7 inch) Full HD+ Display50MP + 12MP + 5MP | 12MP Front Camera5000 mAh BatterySamsung Exynos 1580 Processor1 Year Manufacturer Warranty for Device and 6 Months for In-Box Accessories
"vivo V25 Pro 5G (Sailing Blue, 128 GB)",35999,4.3,8 GB RAM | 128 GB ROM16.66 cm (6.56 inch) Full HD+ Display64MP + 8MP + 2MP | 32MP Front Camera4830 mAh Lithium BatteryMediatek Dimensity 1300 ProcessorColor Changing Fluorite AG Glass Design120 Hz 3D Curve Display1 Year on Handset and 6 Months on Accessories
"vivo V25 Pro 5G (Pure Black, 128 GB)",35999,4.3,8 GB RAM | 128 GB ROM16.66 cm (6.56 inch) Full HD+ Display64MP + 8MP + 2MP | 32MP Front Camera4830 mAh Lithium BatteryMediatek Dimensity 1300 ProcessorColor Changing Fluorite AG Glass Design120 Hz 3D Curve Display1 Year on Handset and 6 Months on Accessories
"realme 15 Pro 5G (Velvet Green, 256 GB)",35999,4.4,12 GB RAM | 256 GB ROM17.27 cm (6.8 inch) Display50MP + 50MP | 50MP Front Camera7000 mAh BatterySnapdragon 7 Gen 4 Processor1 Year Manufacturer Warranty for Device and 6 Months Manufacturer Warranty for Inbox Accessories
"OPPO K13 Turbo Pro 5G (Midnight Maverick, 256 GB)",36999,4.4,12 GB RAM | 256 GB ROM17.27 cm (6.8 inch) Full HD+ Display50MP + 2MP | 16MP Front Camera7000 mAh Battery8s Gen 4 Mobile Platform Processor1 Year Manufacturer Warranty for Device and 6 Months Manufacturer Warranty for Inbox Accessories
"Mi 10T (Cosmic Black, 128 GB)",17190,4.2,6 GB RAM | 128 GB ROM16.94 cm (6.67 inch) Full HD+ Display64MP + 13MP + 5MP | 20MP Front Camera5000 mAh Li-ion Polymer BatteryQualcomm Snapdragon 865 Processor144Hz Intelligent AdaptiveSync Display33W Dual Split Flash Charge1 Year Manufacturer Warranty for Device and 6 Months Manufacturer Warranty for In-box Accessories
"OnePlus Nord 4 5G (Obsidian Midnight, 256 GB)",35995,4.5,12 GB RAM | 256 GB ROM17.12 cm (6.74 inch) Display50MP Rear Camera5500 mAh Battery1 Year
"OPPO Reno11 5G (Rock Grey, 128 GB)",28889,4.3,8 GB RAM | 128 GB ROM | Expandable Upto 2 TB17.02 cm (6.7 inch) Full HD+ Display50MP + 8MP + 32MP | 32MP Front Camera5000 mAh BatteryMediatek Dimensity 7050 Processor1 Year Manufacturer Warranty for Device and 6 Months Manufacturer Warranty for Inbox Accessories
SBMS Flip Cover for vivo V29 5G Back Cover Case with Magnatic Closure,248,3.5,Suitable For: MobileMaterial: Artificial LeatherTheme: No ThemeType: Flip Cover7 Days Replacement
AIBEX Flip Cover for Vivo V27 / Vivo V27 Pro| Premium Leather Finish | Magnetic Closure | Kickstand Fe...,299,4.1,"Suitable For: MobileMaterial: Artificial Leather, Thermoplastic PolyurethaneTheme: No ThemeType: Flip Cover7 Days Replacement Only"
"OPPO RENO 13 5G (White / Ivory White, 128 GB)",32999,4.2,8 GB RAM | 128 GB ROM16.74 cm (6.59 inch) Display50MP Rear Camera5600 mAh Battery1 Year Warranty on Handset and 6 Months Warranty on Accessories
"Xiaomi 14 CIVI (Matcha Green, 256 GB)",34990,4.3,8 GB RAM | 256 GB ROM16.64 cm (6.55 inch) Display50MP Rear Camera | 32MP + 32MP Dual Front Camera4700 mAh Battery8s Gen 3 Mobile Platform Processor1 Year Manufacturer Warranty for Phone and 6 Months Warranty for In the Box Accessories
"OnePlus 12R (Cool Blue, 256 GB)",39999,4.5,"8 GB RAM | 256 GB ROM17.22 cm (6.78 inch) Display50MP Rear Camera5500 mAh Battery1 Year Warranty
1 year manufacturer warranty for device and 1 year manufacturer warranty for in-box accessories including batteries from the date of purchase"
"OnePlus 11 5G (Marble Odyssey, 256 GB)",39990,4.5,16 GB RAM | 256 GB ROM17.02 cm (6.7 inch) Display50MP Rear Camera5000 mAh Battery1 Year Warranty For Phone and 6 Months Warranty for in-box Accessories
"Save Club Back Cover for Vivo X90 Pro, Vivo X90 Pro 5G",782,N/A,"Suitable For: MobileMaterial: Rubber, Plastic, PolycarbonateTheme: No ThemeType: Back CoverReplacement : Warranty of the product is limited to manufacturing defects only"
"Samsung Galaxy A36 5G (Awesome White, 256 GB)",30399,4.3,8 GB RAM | 256 GB ROM17.02 cm (6.7 inch) Full HD+ Display50MP + 8MP | 12MP Front Camera5000 mAh BatteryQualcomm Snapdragon 6 Gen 3 Processor1 Year Manufacturer Warranty for Device and 6 Months for In-Box Accessories
"OnePlus 11R 5G (Galactic Silver, 256 GB)",37999,4.5,16 GB RAM | 256 GB ROM17.02 cm (6.7 inch) Display50MP Rear Camera | 16MP Front Camera5000 mAh BatteryDomestic warranty of 12 months on phone & 6 months on accessories
"OnePlus 10T 5G (Jade Green, 256 GB)",34999,4.1,12 GB RAM | 256 GB ROM17.02 cm (6.7 inch) Display50MP Rear Camera4800 mAh Battery1 year manufacturer warranty for device and 6 months manufacturer warranty for in-box accessories including batteries from the date of purchase
"Samsung Galaxy A53 (Awesome Blue, 128 GB)",29999,4.1,6 GB RAM | 128 GB ROM | Expandable Upto 1 TB16.51 cm (6.5 inch) Full HD+ Display64MP + 12MP + 5MP + 5MP | 32MP Front Camera5000 mAh Lithium Ion BatteryExynos Octa Core Processor Processor1 Year Manufacturer Warranty for Device and 6 Months Manufacturer Warranty for In-Box
"OnePlus 12R (Cool Blue, 128 GB)",39999,4.5,8 GB RAM | 128 GB ROM17.22 cm (6.78 inch) Display50MP Rear Camera5500 mAh Battery1 Year Brand Warranty
"vivo V40 5G (Titanium Grey, 128 GB)",35990,4.5,8 GB RAM | 128 GB ROM17.22 cm (6.78 inch) Full HD+ Display50MP + 50MP | 50MP Front Camera5500 mAh BatterySnapdragon 7 Gen 3 Processor1 Year Warranty on Handset and 6 Months Warranty on Accessories
"vivo v50 5G (Starry Blue, 256 GB)",36999,4.5,"8 GB RAM | 256 GB ROM17.2 cm (6.77 inch) Full HD+ E3 Super AMOLED Display50MP + 50MP | 50MP Front Camera6000 mAh BatterySnapdragon 
7 Gen 3 Processor1 year warranty on handset and 6 month in inbox accessories"
"OnePlus 10 Pro 5G (Volcanic Black, 128 GB)",36999,4.2,8 GB RAM | 128 GB ROM17.02 cm (6.7 inch) Display48MP Rear Camera5000 mAh Battery1 Year Manufacturer Warranty for Handset and 6 Months Warranty for In the Box Accessories
"Samsung Galaxy A56 5G (Awesome Light Gray, 256 GB)",37699,4.4,8 GB RAM | 256 GB ROM17.02 cm (6.7 inch) Full HD+ Display50MP + 12MP + 5MP | 12MP Front Camera5000 mAh BatterySamsung Exynos 1580 Processor1 Year Manufacturer Warranty for Device and 6 Months for In-Box Accessories
"vivo V29 Pro 5G (Black, 256 GB)",39999,4.5,8 GB RAM | 256 GB ROM17.22 cm (6.78 inch) Full HD+ AMOLED Display50MP + 12MP + 8MP | 50MP Front Camera4600 mAh BatteryDimensity 8200 Processor1 Year Manufacturer Warranty for Phone and 6 Months Warranty for In the Box Accessories
"Samsung Galaxy A56 5G (Awesome Graphite, 128 GB)",38990,4.4,8 GB RAM | 128 GB ROM17.02 cm (6.7 inch) Full HD+ Display50MP + 12MP + 5MP | 12MP Front Camera5000 mAh BatterySamsung Exynos 1580 Processor1 Year Manufacturer Warranty for Device and 6 Months for In-Box Accessories
"OnePlus 12R (Iron Gray, 128 GB)",36990,4.5,8 GB RAM | 128 GB ROM17.22 cm (6.78 inch) Display50MP Rear Camera5500 mAh Battery1 Year Brand Warranty
"Mi 10T (Cosmic Black, 128 GB)",37999,4.1,8 GB RAM | 128 GB ROM16.94 cm (6.67 inch) Full HD+ Display64MP + 13MP + 5MP | 20MP Front Camera5000 mAh Li-ion Polymer BatteryQualcomm Snapdragon 865 Processor144Hz Intelligent AdaptiveSync Display33W Dual Split Flash Charge1 Year Manufacturer Warranty for Device and 6 Months Manufacturer Warranty for In-box Accessories
"Mi Mix 2 (Black, 128 GB)",37999,4.3,6 GB RAM | 128 GB ROM15.21 cm (5.99 inch) Full HD+ Display12MP Rear Camera | 5MP Front Camera3400 mAh Li-polymer BatteryQualcomm Snapdragon 835 Octa Core 2.5 GHz ProcessorBrand Warranty of 1 Year Available for Mobile and 6 Months for Accessories
"Samsung Galaxy S23 FE (Graphite, 128 GB)",39990,4.4,8 GB RAM | 128 GB ROM16.26 cm (6.4 inch) Full HD+ Display50MP + 12MP | 10MP Front Camera4500 mAh BatterySamsung Exynos 2200 Processor1 Year Manufacturer Warranty for Device and 6 Months for In-Box Accessories
"Tecno Camon 30 Premier 5G (Snowy Silver, 512 GB)",39999,4.1,12 GB RAM | 512 GB ROM | Expandable Upto 1 TB16.94 cm (6.67 inch) Display50MP + 50MP + 50MP | 50MP Front Camera5000 mAh BatteryDimensity 8200 5G Processor1 Year Manufacturer Warranty for Phone
"Samsung Galaxy A34 5G (Awesome Graphite, 256 GB)",39499,4.3,"8 GB RAM | 256 GB ROM | Expandable Upto 1 TB16.76 cm (6.6 inch) Full HD+ Display48MP + 8MP + 5MP | 13MP Front Camera5000 mAh Li-ion Battery BatteryDimensity 1080, Octa Core Processor1 year manufacturer warranty for device and 6 months manufacturer warranty for in-box accessories"
"REDMI K50i 5G (Quick Silver, 256 GB)",35999,4.2,8 GB RAM | 256 GB ROM16.76 cm (6.6 inch) Full HD+ Display64MP + 8MP + 2MP | 16MP Front Camera5080 mAh BatteryDimensity 8100 Processor1 Year Manufacturer Warranty for Phone and 6 Months Warranty for In the Box Accessories
"Mi 10T Pro (Cosmic Black, 128 GB)",39999,4.2,8 GB RAM | 128 GB ROM16.94 cm (6.67 inch) Full HD+ Display108MP + 13MP + 5MP | 20MP Front Camera5000 mAh Li-ion Polymer BatteryQualcomm Snapdragon 865 Processor144Hz Intelligent AdaptiveSync Display33W Dual Split Flash Charge1 Year Manufacturer Warranty for Device and 6 Months Manufacturer Warranty for In-box Accessories
SBMS Flip Cover for vivo V29 5G Back Cover Case with Magnatic Closure,248,3.5,Suitable For: MobileMaterial: Artificial LeatherTheme: No ThemeType: Flip Cover7 Days Replacement
AIBEX Flip Cover for Vivo V27 / Vivo V27 Pro| Premium Leather Finish | Magnetic Closure | Kickstand Fe...,299,4.1,"Suitable For: MobileMaterial: Artificial Leather, Thermoplastic PolyurethaneTheme: No ThemeType: Flip Cover7 Days Replacement Only"
"realme GT Neo 3 (White, 256 GB)",38999,4.2,8 GB RAM | 256 GB ROM17.02 cm (6.7 inch) Full HD+ Display50MP + 8MP + 2MP | 16MP Front Camera5000 mAh Lithium Ion BatteryMediatek Dimensity 8100 Processor1 Year Manufacturer Warranty for Phone and 6 Months Warranty for In-Box Accessories
"IQOO 3 (Quantum Silver, 128 GB)",37990,4.5,"8 GB RAM | 128 GB ROM16.36 cm (6.44 inch) Full HD+ Display48MP + 13MP + 13MP + 2MP | 16MP Front Camera4440 mAh Li-ion BatteryQualcomm Snapdragon 865 ProcessorIn-Display Fingerprint Sensor, Monster Touch Buttons55 W Super Flash ChargeSuper AMOLED DisplayBrand Warranty of 1 Year Available for Mobile and Accessories"
"Save Club Back Cover for Vivo X90 Pro, Vivo X90 Pro 5G",782,N/A,"Suitable For: MobileMaterial: Rubber, Plastic, PolycarbonateTheme: No ThemeType: Back CoverReplacement : Warranty of the product is limited to manufacturing defects only"
"Apple iPhone SE (White, 64 GB)",39900,4.5,"64 GB ROM11.94 cm (4.7 inch) Retina HD Display12MP Rear Camera | 7MP Front CameraA13 Bionic Chip with 3rd Gen Neural Engine ProcessorWater and Dust Resistant (1 meter for Upto 30 minutes, IP67)Fast Charge CapableWireless charging (Works with Qi Chargers | Qi Chargers are Sold Separately1 year warranty for phone and 1 year warranty for in Box Accessories."
"Apple iPhone SE (Red, 64 GB)",39900,4.5,"64 GB ROM11.94 cm (4.7 inch) Retina HD Display12MP Rear Camera | 7MP Front CameraA13 Bionic Chip with 3rd Gen Neural Engine ProcessorWater and Dust Resistant (1 meter for Upto 30 minutes, IP67)Fast Charge CapableWireless charging (Works with Qi Chargers | Qi Chargers are Sold Separately1 year warranty for phone and 1 year warranty for in Box Accessories."
"Samsung Galaxy A34 5G (Awesome Lime, 128 GB)",22789,4.3,"8 GB RAM | 128 GB ROM | Expandable Upto 1 TB16.76 cm (6.6 inch) Full HD+ Display48MP + 8MP + 5MP | 13MP Front Camera5000 mAh Li-ion Battery BatteryDimensity 1080, Octa Core Processor1 year manufacturer warranty for device and 6 months manufacturer warranty for in-box accessories"
"OnePlus 10T 5G (Jade Green, 128 GB)",35999,4.3,"8 GB RAM | 128 GB ROM17.02 cm (6.7 inch) Display50MP Rear Camera4800 mAh Battery1 year on phone, 6 months on accessories"
"OPPO Reno8 5G (Shimmer Black, 128 GB)",26999,4.3,8 GB RAM | 128 GB ROM16.33 cm (6.43 inch) Full HD Display50MP + 8MP + 2MP | 32MP Front Camera4500 mAh Lithium-ion Polymer BatteryMediatek Dimensity 1300 Processor1 Year Warranty for Phone and 6 Months Warranty for In-Box Accessories
"Lenovo Z6 Pro (Black, 128 GB)",39999,3.8,8 GB RAM | 128 GB ROM | Expandable Upto 512 GB16.23 cm (6.39 inch) Full HD+ Display48MP + 2MP + 16MP + 8MP | 32MP Front Camera4000 mAh Li-polymer BatteryQualcomm SDM855 ProcessorBrand Warranty of 1 Year Available for Mobile and 6 Months for Accessories
"vivo X50 (Glaze Black, 128 GB)",39990,4.3,8 GB RAM | 128 GB ROM16.66 cm (6.56 inch) Full HD+ E3 Super AMOLED Display48MP + 13MP + 8MP + 5MP | 32MP Front Camera4200 mAh Lithium-ion BatteryQualcomm Snapdragon 730 Processor33W Vivo FlashCharge 2.01 Year for Handset and 6 Months for In-box Accessories
"OnePlus 10R (Sierra Black, 128 GB)",38999,4.3,8 GB RAM | 128 GB ROM17.02 cm (6.7 inch) Display50MP Rear Camera | 16MP Front Camera5000 mAh Battery1 Year Manufacturer Warranty for Handset and 6 Months Warranty for In the Box Accessories
"vivo V23 Pro 5G (Sunshine Gold, 128 GB)",38990,4.3,8 GB RAM | 128 GB ROM16.66 cm (6.56 inch) Full HD+ Display108MP + 8MP + 2MP | 50MP + 8MP Dual Front Camera4300 mAh Lithium BatteryMediatek Dimensity 1200 Processor1 Year Manufacturer Warranty for Phone and 6 Months Warranty for In the Box Accessories
"vivo V23 Pro 5G (Stardust Black, 128 GB)",26999,4.3,8 GB RAM | 128 GB ROM | Expandable Upto 12 GB16.66 cm (6.56 inch) Full HD+ Display108MP + 8MP + 2MP | 50MP + 8MP Dual Front Camera4300 mAh Lithium BatteryMediatek Dimensity 1200 Processor1 Year Manufacturer Warranty for Phone and 6 Months Warranty for In the Box Accessories
"vivo V29 5G (Red, 256 GB)",36999,4.5,12 GB RAM | 256 GB ROM17.22 cm (6.78 inch) Full HD+ AMOLED Display50MP + 8MP + 2MP | 50MP Front Camera4600 mAh Battery778G Processor1 Year Manufacturer Warranty for Phone and 6 Months Warranty for In the Box Accessories
"MOTOROLA Edge 60 Fusion 5G (PANTONE Amazonite, 256 GB)",21999,4.4,8 GB RAM | 256 GB ROM | Expandable Upto 1 TB16.94 cm (6.67 inch) Display50MP + 13MP | 32MP Front Camera5500 mAh BatteryDimensity 7400 Processor68W Charger1 Year Warranty on Handset and 6 Months Warranty on Accessories
"vivo T4 Lite 5G Charger in the Box (Titanium Gold, 128 GB)",12999,4.4,6 GB RAM | 128 GB ROM | Expandable Upto 2 TB17.12 cm (6.74 inch) HD+ Display50MP + 2MP | 5MP Front Camera6000 mAh BatteryDimensity 6300 5G Processor1 Year Manufacturer Warranty for Device and 6 Months Manufacturer Warranty for Inbox Accessories
"vivo T4 Lite 5G Charger in the Box (Titanium Gold, 256 GB)",14999,4.3,8 GB RAM | 256 GB ROM | Expandable Upto 2 TB17.12 cm (6.74 inch) HD+ Display50MP + 2MP | 5MP Front Camera6000 mAh BatteryDimensity 6300 5G Processor1 Year Manufacturer Warranty for Device and 6 Months Manufacturer Warranty for Inbox Accessories
"vivo T4 Lite 5G Charger in the Box (Prism Blue, 256 GB)",14999,4.3,8 GB RAM | 256 GB ROM | Expandable Upto 2 TB17.12 cm (6.74 inch) HD+ Display50MP + 2MP | 5MP Front Camera6000 mAh BatteryDimensity 6300 5G Processor1 Year Manufacturer Warranty for Device and 6 Months Manufacturer Warranty for Inbox Accessories
SBMS Flip Cover for vivo V29 5G Back Cover Case with Magnatic Closure,248,3.5,Suitable For: MobileMaterial: Artificial LeatherTheme: No ThemeType: Flip Cover7 Days Replacement
AIBEX Flip Cover for Vivo V27 / Vivo V27 Pro| Premium Leather Finish | Magnetic Closure | Kickstand Fe...,299,4.1,"Suitable For: MobileMaterial: Artificial Leather, Thermoplastic PolyurethaneTheme: No ThemeType: Flip Cover7 Days Replacement Only"
"POCO M8 (Glacial Blue, 128 GB)",19999,4.7,8 GB RAM | 128 GB ROM | Expandable Upto 1 TB17.2 cm (6.77 inch) Full HD+ Display50MP Rear Camera | 20MP Front Camera5520 mAh Battery1 Year Manufacturer Warranty for Phone and 6 Months Warranty for In the Box Accessories
"Apple iPhone 17 (Black, 256 GB)",82900,4.7,"256 GB ROM16.0 cm (6.3 inch) Super Retina XDR Display48MP + 48MP | 18MP Front CameraA19 Chip, 6 Core Processor ProcessorApple One (1) Year Limited Warranty"
"Save Club Back Cover for Vivo X90 Pro, Vivo X90 Pro 5G",782,N/A,"Suitable For: MobileMaterial: Rubber, Plastic, PolycarbonateTheme: No ThemeType: Back CoverReplacement : Warranty of the product is limited to manufacturing defects only"
AIBEX Flip Cover for Vivo V27 / Vivo V27 Pro| Premium Leather Finish | Magnetic Closure | Kickstand Fe...,299,4.1,"Suitable For: MobileMaterial: Artificial Leather, Thermoplastic PolyurethaneTheme: No ThemeType: Flip Cover7 Days Replacement Only"
"Apple iPhone 17 (White, 256 GB)",82900,4.7,"256 GB ROM16.0 cm (6.3 inch) Super Retina XDR Display48MP + 48MP | 18MP Front CameraA19 Chip, 6 Core Processor ProcessorApple One (1) Year Limited Warranty"
"POCO M8 (Frost Silver, 128 GB)",19999,4.7,8 GB RAM | 128 GB ROM | Expandable Upto 1 TB17.2 cm (6.77 inch) Full HD+ Display50MP Rear Camera | 20MP Front Camera5520 mAh Battery1 Year Manufacturer Warranty for Phone and 6 Months Warranty for In the Box Accessories
"POCO M8 (Carbon Black, 256 GB)",21999,4.7,8 GB RAM | 256 GB ROM | Expandable Upto 1 TB17.2 cm (6.77 inch) Full HD+ Display50MP Rear Camera | 20MP Front Camera5520 mAh Battery1 Year Manufacturer Warranty for Phone and 6 Months Warranty for In the Box Accessories
"vivo T4 Lite 5G Charger in the Box (Prism Blue, 64 GB)",10999,4.4,4 GB RAM | 64 GB ROM | Expandable Upto 2 TB17.12 cm (6.74 inch) HD+ Display50MP + 2MP | 5MP Front Camera6000 mAh BatteryDimensity 6300 5G Processor1 Year Manufacturer Warranty for Device and 6 Months Manufacturer Warranty for Inbox Accessories
"V-TAN Back Cover for Vivo V27, Vivo V27 5G",260,4,Suitable For: MobileMaterial: Thermoplastic PolyurethaneTheme: No ThemeType: Back CoverNA
"gadvik Back Cover for Vivo V27 Pro 5G, V27 5G",277,2.5,"Suitable For: MobileMaterial: Silicon, Rubber, Thermoplastic PolyurethaneTheme: See-through DesignType: Back CoverWarranty of the product is limited to manufacturing defects only."
"vivo T4 Lite 5G Charger in the Box (Titanium Gold, 64 GB)",10999,4.4,4 GB RAM | 64 GB ROM | Expandable Upto 2 TB17.12 cm (6.74 inch) HD+ Display50MP + 2MP | 5MP Front Camera6000 mAh BatteryDimensity 6300 5G Processor1 Year Manufacturer Warranty for Device and 6 Months Manufacturer Warranty for Inbox Accessories
"Ai+ Nova 5G (Purple, 128 GB)",7999,4.1,6 GB RAM | 128 GB ROM | Expandable Upto 1 TB17.13 cm (6.745 inch) HD+ Display50MP Rear Camera | 5MP Front Camera5000 mAh BatteryT8200 Processor1 Year Warranty on Handset and 6 Months Warranty on the Inbox Accessories
"MOTOROLA g05 (Plum Red, 64 GB)",7299,4.2,4 GB RAM | 64 GB ROM | Expandable Upto 1 TB16.94 cm (6.67 inch) HD+ Display50MP Rear Camera | 8MP Front Camera5100 mAh BatteryHelio G81 Processor1 Year Warranty on Handset and 6 Months Warranty on Accessories
"MOTOROLA Edge 60 Fusion 5G (PANTONE Mykonos Blue, 256 GB)",21999,4.4,8 GB RAM | 256 GB ROM | Expandable Upto 1 TB16.94 cm (6.67 inch) Display50MP + 13MP | 32MP Front Camera5500 mAh BatteryDimensity 7400 Processor68W Charger1 Year Warranty on Handset and 6 Months Warranty on Accessories
"MOTOROLA G96 5G (Pantone Dresden Blue, 256 GB)",18999,4.4,8 GB RAM | 256 GB ROM16.94 cm (6.67 inch) Full HD+ Display50MP + 8MP | 32MP Front Camera5500 mAh Battery7s Gen 2 Processor1 Year Warranty on Handset and 6 Months Warranty on Accessories
"MOTOROLA G96 5G (Pantone Greener Pastures, 128 GB)",17999,4.4,8 GB RAM | 128 GB ROM16.94 cm (6.67 inch) Full HD+ Display50MP + 8MP | 32MP Front Camera5500 mAh Battery7s Gen 2 Processor1 Year Warranty on Handset and 6 Months Warranty on Accessories
"POCO M8 (Frost Silver, 128 GB)",18999,4.6,6 GB RAM | 128 GB ROM | Expandable Upto 1 TB17.2 cm (6.77 inch) Full HD+ Display50MP Rear Camera | 20MP Front Camera5520 mAh Battery1 Year Manufacturer Warranty for Phone and 6 Months Warranty for In the Box Accessories
"MOTOROLA G96 5G (Pantone Ashleigh Blue, 256 GB)",18999,4.4,8 GB RAM | 256 GB ROM16.94 cm (6.67 inch) Full HD+ Display50MP + 8MP | 32MP Front Camera5500 mAh Battery7s Gen 2 Processor1 Year Warranty on Handset and 6 Months Warranty on Accessories
"POCO M8 (Carbon Black, 128 GB)",19999,4.7,8 GB RAM | 128 GB ROM | Expandable Upto 1 TB17.2 cm (6.77 inch) Full HD+ Display50MP Rear Camera | 20MP Front Camera5520 mAh Battery1 Year Manufacturer Warranty for Phone and 6 Months Warranty for In the Box Accessories
"Apple iPhone 15 (Pink, 128 GB)",59900,4.6,"128 GB ROM15.49 cm (6.1 inch) Super Retina XDR Display48MP + 12MP | 12MP Front CameraA16 Bionic Chip, 6 Core Processor Processor1 year warranty for phone and 1 year warranty for in Box Accessories."
"vivo T4x 5G (Pronto Purple, 128 GB)",16499,4.4,8 GB RAM | 128 GB ROM17.07 cm (6.72 inch) Display50MP + 2MP | 8MP Front Camera6500 mAh BatteryDimensity 7300 5G Processor1 Year Warranty for Device and 6 Months Warranty for Accessories
"vivo T4x 5G (Glacial Teal, 128 GB)",16499,4.4,8 GB RAM | 128 GB ROM17.07 cm (6.72 inch) Display50MP + 2MP | 8MP Front Camera6500 mAh BatteryDimensity 7300 5G Processor1 Year Warranty for Device and 6 Months Warranty for Accessories
